{
    "name": "工造司-7",
    "author": "龙女姬,小明",
    "start": [
        {"map": 1},
        {"temp/map_3-4_point_2.png": 1.5},
        {"temp/transfer.jpg": 1.5}
    ],
  "map": [
    {
      "d": 0.2618281841278076
    },
    {
      "a": 1.8032957077026367
    },
    {
      "s": 0.7697373390197754
    },
    {
      "f": 0.13787078857421875
    },
    {
      "d": 0.15877079963684082
    },
    {
      "s": 7.377474784851074
    },
    {
      "d": 4.30432915687561
    },
    {
      "fighting": 1
    },
    {
      "d": 0.9003448486328125
    },
    {
      "s": 0.1392841339111328
    },
    {
      "fighting": 1
    },
    {
      "d": 2.6652846336364746
    },
    {
      "fighting": 1
    },
    {
      "d": 0.5946657657623291
    },
    {
      "fighting": 1
    },
    {
      "d": 5.087911605834961
    },
    {
      "w": 1.332012414932251
    },
    {
      "fighting": 1
    }
  ]
}