{
    "name": "机器聚落-2",
    "author": "夜里无星,小明",
    "start": [
        {"map": 1},
        {"temp/map_2-7_point_2.png": 1.5},
        {"temp/transfer.jpg": 1.5}
    ],
    "map": [
        {
            "d": 1.0013060855865479
        },
        {
            "s": 1.5702438354492188
        },
        {
            "d": 5.5836193084716797
        },
        {
            "s": 0.7457704544067383
        },
        {
            "fighting": 1
        },
        {
            "fighting": 2
        }
    ]
}