{
    "name": "铆钉镇-1",
    "author": "夜里无星,小明",
    "start": [
        {"map": 1},
        {"temp/orientation_1.jpg": 1.5},
        {"temp/orientation_3.jpg": 3},
        {"temp/map_2-6.png": 2},
        {"temp/map_2-6_point_1.png": 1.5},
        {"temp/transfer.jpg": 1.5}
    ],
    "map": [
        {
            "d": 0.6720432758331299
        },
        {
            "s": 2.020432758331299
        },
        {
            "a": 5.697421360015869
        },
        {
            "fighting": 1
        },
        {
            "w": 6.422378301620483
        },
        {
            "a": 0.629391908645629
        },
        {
            "w": 6.651632690429687
        },
        {
            "a": 1.340658140182495
        },
        {
            "w": 2.429391908645629
        },
        {
            "fighting": 1
        },
        {
            "w": 2.08515248298645
        },
        {
            "fighting": 1
        }
    ]
}
