{
  "name": "永冬岭-2",
  "author": "Starry-Wind,小明",
  "start": [
    {"map": 1},
    {"temp/map_2-4_point_3.png": 1.5},
    {"temp/transfer.jpg": 1.5}
  ],
  "map": [
    {
      "w": 4.503803339004517
    },
    {
      "d": 7.903919219970703
    },
    {
      "s": 5.215461254119873
    },
    {
      "d": 0.6830806255340576
    },
    {
      "fighting": 1
    },
    {
      "d": 3.0585911750793457
    },
    {
      "s": 0.585911750793457
    },
    {
      "d": 1.5585911750793457
    },
    {
      "fighting": 1
    }
  ]
}
